FLOWUUID;FLOWCODE;FLOWNO;FLOWCNT;TITLE
4bd77620-ccb5-11ea-8b6e-0800200c9a66;MH001;1000000001;001;테스트 001
4bd77621-ccb5-11ea-8b6e-0800200c9a66;MH001;1000000002;001;테스트 002
4bd77622-ccb5-11ea-8b6e-0800200c9a66;MH001;1000000003;001;테스트 003
4bd77623-ccb5-11ea-8b6e-0800200c9a66;MH001;1000000004;001;테스트 004
4bd77624-ccb5-11ea-8b6e-0800200c9a66;MH001;1000000005;001;테스트 005
4bd77625-ccb5-11ea-8b6e-0800200c9a66;MH001;1000000006;001;테스트 006
4bd77626-ccb5-11ea-8b6e-0800200c9a66;MH001;1000000007;001;테스트 007
4bd77627-ccb5-11ea-8b6e-0800200c9a66;MH001;1000000008;001;테스트 008
4bd77628-ccb5-11ea-8b6e-0800200c9a66;MH001;1000000009;001;테스트 009
4bd77629-ccb5-11ea-8b6e-0800200c9a66;MH001;1000000010;001;테스트 010